Script de povoalmento 

---------------------------------------------------------------------------------------------------------------------------

INSERT INTO doenca_vacina(id,doenca_id,vacina_id) VALUES ('1',1,32);
INSERT INTO doenca_vacina(id,doenca_id,vacina_id) VALUES ('2',1,3);
INSERT INTO doenca_vacina(id,doenca_id,vacina_id) VALUES ('3',1,35);
INSERT INTO doenca_vacina(id,doenca_id,vacina_id) VALUES ('4',2,32);
INSERT INTO doenca_vacina(id,doenca_id,vacina_id) VALUES ('5',2,3);
INSERT INTO doenca_vacina(id,doenca_id,vacina_id) VALUES ('6',2,35);
INSERT INTO doenca_vacina(id,doenca_id,vacina_id) VALUES ('7',3,2);
INSERT INTO doenca_vacina(id,doenca_id,vacina_id) VALUES ('8',4,35);
INSERT INTO doenca_vacina(id,doenca_id,vacina_id) VALUES ('9',4,22);
INSERT INTO doenca_vacina(id,doenca_id,vacina_id) VALUES ('10',5,16);
INSERT INTO doenca_vacina(id,doenca_id,vacina_id) VALUES ('11',5,31);
INSERT INTO doenca_vacina(id,doenca_id,vacina_id) VALUES ('15',7,16);
INSERT INTO doenca_vacina(id,doenca_id,vacina_id) VALUES ('16',7,35);
INSERT INTO doenca_vacina(id,doenca_id,vacina_id) VALUES ('17',7,31);
INSERT INTO doenca_vacina(id,doenca_id,vacina_id) VALUES ('18',8,27);
INSERT INTO doenca_vacina(id,doenca_id,vacina_id) VALUES ('19',8,28);
INSERT INTO doenca_vacina(id,doenca_id,vacina_id) VALUES ('20',8,21);
INSERT INTO doenca_vacina(id,doenca_id,vacina_id) VALUES ('21',9,33);
INSERT INTO doenca_vacina(id,doenca_id,vacina_id) VALUES ('22',9,10);
INSERT INTO doenca_vacina(id,doenca_id,vacina_id) VALUES ('23',10,33);
INSERT INTO doenca_vacina(id,doenca_id,vacina_id) VALUES ('24',10,10);
INSERT INTO doenca_vacina(id,doenca_id,vacina_id) VALUES ('25',11,33);
INSERT INTO doenca_vacina(id,doenca_id,vacina_id) VALUES ('26',11,10);
INSERT INTO doenca_vacina(id,doenca_id,vacina_id) VALUES ('27',12,29);
INSERT INTO doenca_vacina(id,doenca_id,vacina_id) VALUES ('28',13,32);
INSERT INTO doenca_vacina(id,doenca_id,vacina_id) VALUES ('29',13,35);
INSERT INTO doenca_vacina(id,doenca_id,vacina_id) VALUES ('30',14,34);
INSERT INTO doenca_vacina(id,doenca_id,vacina_id) VALUES ('31',15,1);
INSERT INTO doenca_vacina(id,doenca_id,vacina_id) VALUES ('32',16,35);
INSERT INTO doenca_vacina(id,doenca_id,vacina_id) VALUES ('33',6,16);
INSERT INTO doenca_vacina(id,doenca_id,vacina_id) VALUES ('34',6,35);
INSERT INTO doenca_vacina(id,doenca_id,vacina_id) VALUES ('35',6,30);
INSERT INTO doenca_vacina(id,doenca_id,vacina_id) VALUES ('36',6,31);


---------------------------------------------------------------------------------------------------------------------------


INSERT INTO doencas(id,nome,image,descricao,slug) VALUES (1,'Tétano','','O tétano  é uma doença infecciosa, não contagiosa, com elevada letalidade para jovens e idosos. Sua principal característica é causar espasmos dolorosos, rigidez dos músculos e distúrbios neurológicos. É causada pela neurotoxina tetanospasmina que é produzida pela bactéria gram-positiva e anaeróbica Clostridium tetani.1 É transmitida por objetos contaminados como pedaços de telha e pregos, presentes no solo, que podem causar ferimentos profundos.','tetano');

INSERT INTO doencas(id,nome,image,descricao,slug) VALUES (2,'Difeteria','','A difteria é uma doença infectocontagiosa causada pela toxina do bacilo Corynebacterium diphtheriae, que provoca inflamação e lesão em partes das vias respiratórias (amígdalas, faringe, laringe, traqueia, brônquios, nariz) e, às vezes, da pele.1 A mortalidade total é de 5-10%, subindo para 20% em crianças pequenas e adultos com mais de 40.2','difeteria');

INSERT INTO doencas(id,nome,image,descricao,slug) VALUES (3,'Febre Amarela','','A febre amarela é uma doença infecciosa aguda, de curta duração (no máximo 10 dias), gravidade variável, causada pelo vírus da febre amarela, que ocorre na América do Sul e na África.
Qual o microrganismo envolvido?O vírus RNA. Arbovírus do gênero Flavivirus, família Flaviviridae.Quais os sintomas?Os sintomas são: febre, dor de cabeça, calafrios, náuseas, vômito, dores no corpo, icterícia (a pele e os olhos ficam amarelos) e hemorragias (de gengivas, nariz, estômago, intestino e urina).Como se transmite?A febre amarela é transmitida pela picada dos mosquitos transmissores infectados. A transmissão de pessoa para pessoa não existe.Como tratar?Não existe nada específico. O tratamento é apenas sintomático e requer cuidados na assistência ao paciente que, sob hospitalização, deve permanecer em repouso com reposição de líquidos e das perdas sanguíneas, quando indicado. Nas formas graves, o paciente deve ser atendido numa Unidade de Terapia Intensiva. Se o paciente não receber assistência médica, ele pode morrer.Como se prevenir?A única forma de evitar a febre amarela silvestre é a vacinação contra a doença. A vacina é gratuita e está disponível nos postos de saúde em qualquer época do ano. Ela deve ser aplicada 10 dias antes da viagem para as áreas de risco de transmissão da doença. Pode ser aplicada a partir dos 9 meses e é válida por 10 anos. A vacina é contra-indicada a gestantes, imunodeprimidos (pessoas com o sistema imunológico debilitado) e pessoas alérgicas a gema de ovo.A vacinação é indicada para todas as pessoas que vivem em áreas de risco para a doença (zona rural da Região Norte, Centro Oeste, estado do Maranhão, parte dos estados do Piauí, Bahia, Minas Gerais, São Paulo, Paraná, Santa Catarina e Rio Grande do Sul), onde há casos da doença em humanos ou circulação do vírus entre animais (macacos).','febre-amarela');

INSERT INTO doencas(id,nome,image,descricao,slug) VALUES (4,'Hepatite B','','A hepatite B é uma doença transmitida pelo vírus VHB, que tem predileção por infectar os hepatócitos, as células do fígado. Essas células podem ser agredidas pelo VHB diretamente, ou pelas células do sistema de defesa que, empenhadas em combater a infecção, acabam causando um processo inflamatório crônico.

O vírus da hepatite B pode sobreviver ativo no ambiente externo por vários dias. O período de incubação dura, em média, de um a quatro meses. Uma pessoa infectada por ele pode desenvolver as seguintes formas da doença: hepatite aguda, hepatite crônica (ou ambas) e hepatite fulminante, uma forma rara da doença que pode ser fatal.','hepatite-b');

INSERT INTO doencas(id,nome,image,descricao,slug) VALUES (5,'Pneumococos','','O Streptococcus pneumoniae, ou pneumococo, é uma bactéria que causa várias doenças, algumas simples, como otite e sinusite, e outras graves, como pneumonia, meningite e septicemia. Existem mais de 90 tipos diferentes de pneumococos. Essa bactéria pode estar presente na mucosa nasal e na garganta dos indivíduos saudáveis. Porém, por motivo desconhecido, pode invadir o organismo, causando infecções graves.','pneumococos');

INSERT INTO doencas(id,nome,image,descricao,slug) VALUES (7,'Pneumonia','','Pneumonia é uma infecção que se instala nos pulmões (órgão duplo localizado um de cada lado da caixa torácica). Pode acometer a região dos alvéolos pulmonares onde desembocam as ramificações terminais dos brônquios e, às vezes, os interstícios (espaço entre um alvéolo e outro).','pneumonia');

INSERT INTO doencas(id,nome,image,descricao,slug) VALUES (8,'Poliomielite ou Paralisia Infántil','','A poliomielite, também chamada de pólio ou paralisia infantil, é uma doença infecciosa viral aguda transmitida de pessoa a pessoa, principalmente pela via fecal-oral.1  Referindo-se à substância cinzenta da medula espinhal, e o sufixo -itis, que denota inflamação,2 ou seja, inflamação da substância cinzenta da medula espinhal. Contudo, algumas infecções mais graves podem se estender até o tronco encefálico e ainda para estruturas superiores, resultando em polioencefalite, que provoca apneia, a qual requer ventilação mecânica com o uso de um respirador artificial.','poliomielite-ou-paralisia-infantil');

INSERT INTO doencas(id,nome,image,descricao,slug) VALUES (9,'Sarampo','','O sarampo é uma doença infecto-contagiosa provocada pelo Morbili vírus e transmitida por secreções das vias respiratórias como gotículas eliminadas pelo espirro ou pela tosse. O período de incubação, ou seja, o tempo entre o contágio e o aparecimento dos sintomas, é de cerca de 12 dias e a transmissão pode ocorrer antes do aparecimento dos sintomas e estender-se até o quarto dia depois que surgiram placas avermelhadas na pele.
Além das manchas avermelhadas na pele (exantema maculopapular eritematoso), que começam no rosto e progridem em direção aos pés, podemos citar os seguintes sintomas: febre, tosse, mal-estar, conjuntivite, coriza, perda do apetite e manchas brancas na parte interna das bochechas (exantema de Koplik).','sarampo');

INSERT INTO doencas(id,nome,image,descricao,slug) VALUES (10,'Caxumba','','Caxumba é uma doença infecciosa causada por um vírus da família dos paramyxovirus, que provoca não só inflamação nas parótidas, mas também nas glândulas submaxilares e sublinguais.
Na maior parte das vezes, a infecção se manifesta na infância, nos meses de inverno e no começo da primavera.

Embora seja uma enfermidade de evolução benigna, em alguns casos podem ocorrer as seguintes complicações: inflamação dos testículos e dos ovários (que pode resultar em esterilidade), meningite asséptica, pancreatite, neurite e surdez.O período de incubação varia de 14 a 25 dias. A transmissão se dá pelo contato direto com as secreções das vias aéreas superiores da pessoa infectada, a partir de dois dias antes até nove dias depois do aparecimento dos sintomas.','caxumba');

INSERT INTO doencas(id,nome,image,descricao,slug) VALUES (11,'Rubéola','','Rubéola é uma doença infecto-contagiosa causada pelo Togavírus. Sua característica mais marcante são as manchas vermelhas que aparecem primeiro na face e atrás da orelha e depois se espalham pelo corpo inteiro. O contágio ocorre comumente pelas vias respiratórias com a aspiração de gotículas de saliva ou secreção nasal.A rubéola congênita, ou seja, transmitida da mãe para o feto, é a forma mais grave da doença, porque pode provocar malformações como surdez e problemas visuais na criança.','rubeola');

INSERT INTO doencas(id,nome,image,descricao,slug) VALUES (12,'Influenza','','Influenza, comumente conhecida como gripe, é uma doença viral febril, aguda, geralmente benigna e autolimitada. Frequentemente é caracterizada por início abrupto dos sintomas, que são predominantemente sistêmicos, incluindo febre, calafrios, tremores, dor de cabeça, mialgia e anorexia, assim como sintomas respiratórios com tosse seca, dor de garganta e coriza. A infecção geralmente dura 1 semana e com os sintomas sistêmicos persistindo por alguns dias, sendo a febre o mais importante.','influenza');

INSERT INTO doencas(id,nome,image,descricao,slug) VALUES (13,'Coqueluche','','Coqueluche é uma doença respiratória altamente contagiosa. É geralmente marcada por uma tosse severa e seca, seguida por uma ingestão aguda de ar que soa como "grito”.','coqueluche');

INSERT INTO doencas(id,nome,image,descricao,slug) VALUES (14,'Gastroenterite','','A gastroenterite é uma inflamação aguda que compromete os órgãos do sistema gastrointestinal. O problema é mais comum no verão e em locais sem tratamento de água, rede de esgoto, água encanada e destino adequado.','gastroenterite');

INSERT INTO doencas(id,nome,image,descricao,slug) VALUES (15,'Tuberculose','','A tuberculose, transmitida pelo Mycobacterium tuberculosis, o bacilo de Koch, é provavelmente a doença infecto-contagiosa que mais mortes ocasiona no Brasil. Estima-se, ainda, que mais ou menos 30% da população mundial estejam infectados, embora nem todos venham a desenvolver a doença.Na verdade, as pessoas se comportam como reservatórios do bacilo, ou seja, convivem com ele porque não conseguem eliminá-lo ou destruí-lo e, uma vez reativado o foco, passarão a ser infectantes.A primoinfecção ocorre quando a pessoa entra em contato com o bacilo pela primeira vez. Proximidade com pessoas infectadas, assim como os ambientes fechados e pouco ventilados favorecem o contágio.

Além dos pulmões, a doença pode acometer órgãos como rins, ossos, meninges, etc.','tuberculose');

INSERT INTO doencas(id,nome,image,descricao,slug) VALUES (16,'Hemófilos Influenzae tipo B','','Haemophilus influenzae tipo b (Hib) é uma bactéria que atinge principalmente crianças até cinco anos, causando infecções que começam geralmente no nariz e na garganta, mas podem se espalhar para outras partes do corpo, incluindo pele, ouvidos, pulmões, articulações, membranas que revestem o coração, medula espinhal e cérebro. Essa bactéria pode causar diferentes doenças infecciosas com complicações graves, como pneumonia, inflamação na epiglote, dor de ouvido, infecção generalizada na corrente sanguínea, inflamação do pericárdio, inflamação das articulações e sinusite. Uma das piores doenças causadas pela bactéria Haemophilus influenzae tipo b é a meningite, que geralmente tem um início súbito com febre, dor de cabeça intensa, náuseas, vômitos e rigidez de nuca. Sequelas graves ocorrem de 3% a 5% dos sobreviventes de meningite por Hib como déficit auditivo grave e lesões cerebrais permanentes.','hemofilos-influenzae-tipo-b');

INSERT INTO doencas(id,nome,image,descricao,slug) VALUES (6,'Menigite','','A meningite é um processo inflamatório das meninges, que são membranas que envolvem o cérebro. É uma doença infecciosa aguda que pode ser causada por vírus, bactérias, e fungos. Qualquer pessoa pode ser atingida pela meningite, desde bebês e crianças até adolescentes e adultos.','menigite');


---------------------------------------------------------------------------------------------------------------------------


INSERT INTO idades(id,idade) VALUES (1,'Ao nascer');
INSERT INTO idades(id,idade) VALUES (2,'2 meses');
INSERT INTO idades(id,idade) VALUES (3,'3 meses');
INSERT INTO idades(id,idade) VALUES (4,'4 meses');
INSERT INTO idades(id,idade) VALUES (5,'5 meses');
INSERT INTO idades(id,idade) VALUES (6,'6 meses');
INSERT INTO idades(id,idade) VALUES (7,'9 meses');
INSERT INTO idades(id,idade) VALUES (8,'12 meses');
INSERT INTO idades(id,idade) VALUES (9,'15 meses');
INSERT INTO idades(id,idade) VALUES (10,'4 anos');
INSERT INTO idades(id,idade) VALUES (11,'10 a 19 anos');
INSERT INTO idades(id,idade) VALUES (12,'20 a 59 anos');
INSERT INTO idades(id,idade) VALUES (13,'60 anos e mais');


---------------------------------------------------------------------------------------------------------------------------

INSERT INTO idade_vacina(id,idade_id,vacina_id) VALUES (2,1,1);
INSERT INTO idade_vacina(id,idade_id,vacina_id) VALUES (3,1,22);
INSERT INTO idade_vacina(id,idade_id,vacina_id) VALUES (4,2,34);
INSERT INTO idade_vacina(id,idade_id,vacina_id) VALUES (5,2,35);
INSERT INTO idade_vacina(id,idade_id,vacina_id) VALUES (6,2,28);
INSERT INTO idade_vacina(id,idade_id,vacina_id) VALUES (7,2,31);
INSERT INTO idade_vacina(id,idade_id,vacina_id) VALUES (8,3,30);
INSERT INTO idade_vacina(id,idade_id,vacina_id) VALUES (9,4,34);
INSERT INTO idade_vacina(id,idade_id,vacina_id) VALUES (10,4,35);
INSERT INTO idade_vacina(id,idade_id,vacina_id) VALUES (11,4,28);
INSERT INTO idade_vacina(id,idade_id,vacina_id) VALUES (12,4,31);
INSERT INTO idade_vacina(id,idade_id,vacina_id) VALUES (13,5,30);
INSERT INTO idade_vacina(id,idade_id,vacina_id) VALUES (14,6,35);
INSERT INTO idade_vacina(id,idade_id,vacina_id) VALUES (15,6,21);
INSERT INTO idade_vacina(id,idade_id,vacina_id) VALUES (16,6,31);
INSERT INTO idade_vacina(id,idade_id,vacina_id) VALUES (17,7,2);
INSERT INTO idade_vacina(id,idade_id,vacina_id) VALUES (18,8,33);
INSERT INTO idade_vacina(id,idade_id,vacina_id) VALUES (19,8,31);
INSERT INTO idade_vacina(id,idade_id,vacina_id) VALUES (20,9,32);
INSERT INTO idade_vacina(id,idade_id,vacina_id) VALUES (21,9,10);
INSERT INTO idade_vacina(id,idade_id,vacina_id) VALUES (22,9,27);
INSERT INTO idade_vacina(id,idade_id,vacina_id) VALUES (23,9,30);
INSERT INTO idade_vacina(id,idade_id,vacina_id) VALUES (24,10,32);
INSERT INTO idade_vacina(id,idade_id,vacina_id) VALUES (25,11,33);
INSERT INTO idade_vacina(id,idade_id,vacina_id) VALUES (26,11,2);
INSERT INTO idade_vacina(id,idade_id,vacina_id) VALUES (27,11,3);
INSERT INTO idade_vacina(id,idade_id,vacina_id) VALUES (28,11,22);
INSERT INTO idade_vacina(id,idade_id,vacina_id) VALUES (29,12,33);
INSERT INTO idade_vacina(id,idade_id,vacina_id) VALUES (30,12,2);
INSERT INTO idade_vacina(id,idade_id,vacina_id) VALUES (31,12,3);
INSERT INTO idade_vacina(id,idade_id,vacina_id) VALUES (32,12,22);
INSERT INTO idade_vacina(id,idade_id,vacina_id) VALUES (33,13,16);
INSERT INTO idade_vacina(id,idade_id,vacina_id) VALUES (34,13,2);
INSERT INTO idade_vacina(id,idade_id,vacina_id) VALUES (35,13,29);

---------------------------------------------------------------------------------------------------------------------------

INSERT INTO telefones(id,idade_id,vacina_id) VALUES (1,1,3355-4668);
INSERT INTO telefones(id,idade_id,vacina_id) VALUES (2,2,3355-4704);
INSERT INTO telefones(id,idade_id,vacina_id) VALUES (3,3,3355-6798);
INSERT INTO telefones(id,idade_id,vacina_id) VALUES (5,5,3355-6691);
INSERT INTO telefones(id,idade_id,vacina_id) VALUES (6,6,3355-6418);
INSERT INTO telefones(id,idade_id,vacina_id) VALUES (7,7,3355-4656);
INSERT INTO telefones(id,idade_id,vacina_id) VALUES (8,8,3355-4648);
INSERT INTO telefones(id,idade_id,vacina_id) VALUES (9,9,3355-4653);
INSERT INTO telefones(id,idade_id,vacina_id) VALUES (10,10,3355-6226);
INSERT INTO telefones(id,idade_id,vacina_id) VALUES (11,11,2122-4100);
INSERT INTO telefones(id,idade_id,vacina_id) VALUES (12,12,3355-6150);
INSERT INTO telefones(id,idade_id,vacina_id) VALUES (13,13,3355-6694);
INSERT INTO telefones(id,idade_id,vacina_id) VALUES (14,14,3355-6695);
INSERT INTO telefones(id,idade_id,vacina_id) VALUES (15,15,3355-6212);
INSERT INTO telefones(id,idade_id,vacina_id) VALUES (16,16,3355-6170);
INSERT INTO telefones(id,idade_id,vacina_id) VALUES (17,17,3355-6430);
INSERT INTO telefones(id,idade_id,vacina_id) VALUES (18,18,3355-6155);
INSERT INTO telefones(id,idade_id,vacina_id) VALUES (19,19,3355-3165);
INSERT INTO telefones(id,idade_id,vacina_id) VALUES (20,20,3355-6206);
INSERT INTO telefones(id,idade_id,vacina_id) VALUES (21,21,3355-4708);
INSERT INTO telefones(id,idade_id,vacina_id) VALUES (22,22,3355-4628);
INSERT INTO telefones(id,idade_id,vacina_id) VALUES (23,23,3355-6510);
INSERT INTO telefones(id,idade_id,vacina_id) VALUES (24,24,3355-4665);
INSERT INTO telefones(id,idade_id,vacina_id) VALUES (25,25,3355-6094);
INSERT INTO telefones(id,idade_id,vacina_id) VALUES (26,26,3355-4660);
INSERT INTO telefones(id,idade_id,vacina_id) VALUES (27,27,3355-6095);
INSERT INTO telefones(id,idade_id,vacina_id) VALUES (28,28,3355-6905);
INSERT INTO telefones(id,idade_id,vacina_id) VALUES (29,29,3355-6972);
INSERT INTO telefones(id,idade_id,vacina_id) VALUES (30,30,3355-6922);
INSERT INTO telefones(id,idade_id,vacina_id) VALUES (31,31,3355-9900);
INSERT INTO telefones(id,idade_id,vacina_id) VALUES (32,32,3355-7839);
INSERT INTO telefones(id,idade_id,vacina_id) VALUES (33,33,3355-7875);
INSERT INTO telefones(id,idade_id,vacina_id) VALUES (34,34,3355-6134);
INSERT INTO telefones(id,idade_id,vacina_id) VALUES (35,35,3355-6202);
INSERT INTO telefones(id,idade_id,vacina_id) VALUES (36,36,3355-4632);
INSERT INTO telefones(id,idade_id,vacina_id) VALUES (37,37,3355-6222);
INSERT INTO telefones(id,idade_id,vacina_id) VALUES (38,38,3355-0070);
INSERT INTO telefones(id,idade_id,vacina_id) VALUES (39,39,3355-0325);
INSERT INTO telefones(id,idade_id,vacina_id) VALUES (40,40,3355-0177);
INSERT INTO telefones(id,idade_id,vacina_id) VALUES (41,41,3355-6082);
INSERT INTO telefones(id,idade_id,vacina_id) VALUES (42,42,3355-6086);
INSERT INTO telefones(id,idade_id,vacina_id) VALUES (43,43,3355-6526);
INSERT INTO telefones(id,idade_id,vacina_id) VALUES (44,44,3355-6182);
INSERT INTO telefones(id,idade_id,vacina_id) VALUES (45,45,3355-6074);
INSERT INTO telefones(id,idade_id,vacina_id) VALUES (46,46,3355-6402);
INSERT INTO telefones(id,idade_id,vacina_id) VALUES (47,47,3355-4551);
INSERT INTO telefones(id,idade_id,vacina_id) VALUES (48,48,3355-6115);
INSERT INTO telefones(id,idade_id,vacina_id) VALUES (49,49,3355-6522);
INSERT INTO telefones(id,idade_id,vacina_id) VALUES (50,50,3355-4680);
INSERT INTO telefones(id,idade_id,vacina_id) VALUES (51,51,3355-3800);
INSERT INTO telefones(id,idade_id,vacina_id) VALUES (52,52,3355-4696);
INSERT INTO telefones(id,idade_id,vacina_id) VALUES (53,53,3355-6195);
INSERT INTO telefones(id,idade_id,vacina_id) VALUES (54,54,3355-6242);
INSERT INTO telefones(id,idade_id,vacina_id) VALUES (55,55,3355-6839);
INSERT INTO telefones(id,idade_id,vacina_id) VALUES (56,56,3355-6902);
INSERT INTO telefones(id,idade_id,vacina_id) VALUES (57,57,3355-4689);
INSERT INTO telefones(id,idade_id,vacina_id) VALUES (58,58,3355-2789);
INSERT INTO telefones(id,idade_id,vacina_id) VALUES (59,59,3355-4434);
INSERT INTO telefones(id,idade_id,vacina_id) VALUES (60,60,3355-4412);
INSERT INTO telefones(id,idade_id,vacina_id) VALUES (61,61,3355-4400);
INSERT INTO telefones(id,idade_id,vacina_id) VALUES (62,62,3355-2169);
INSERT INTO telefones(id,idade_id,vacina_id) VALUES (63,63,3355-4408);
INSERT INTO telefones(id,idade_id,vacina_id) VALUES (64,64,3355-6049);
INSERT INTO telefones(id,idade_id,vacina_id) VALUES (65,65,3355-4385);
INSERT INTO telefones(id,idade_id,vacina_id) VALUES (66,66,3355-4416);
INSERT INTO telefones(id,idade_id,vacina_id) VALUES (67,67,3181-1434);
INSERT INTO telefones(id,idade_id,vacina_id) VALUES (68,68,3183-4511);
INSERT INTO telefones(id,idade_id,vacina_id) VALUES (69,69,3181-5597);
INSERT INTO telefones(id,idade_id,vacina_id) VALUES (70,70,3184-1720);
INSERT INTO telefones(id,idade_id,vacina_id) VALUES (71,71,3355-4716);
INSERT INTO telefones(id,idade_id,vacina_id) VALUES (72,72,3355-4644 / 3355-4645);
INSERT INTO telefones(id,idade_id,vacina_id) VALUES (73,73,3355-6924);
INSERT INTO telefones(id,idade_id,vacina_id) VALUES (74,74,3355-6448);
INSERT INTO telefones(id,idade_id,vacina_id) VALUES (75,75,3355-6704);
INSERT INTO telefones(id,idade_id,vacina_id) VALUES (76,76,3355-3351);
INSERT INTO telefones(id,idade_id,vacina_id) VALUES (77,77,3355-6514);
INSERT INTO telefones(id,idade_id,vacina_id) VALUES (78,78,3355-6455);
INSERT INTO telefones(id,idade_id,vacina_id) VALUES (79,79,3355-6423);
INSERT INTO telefones(id,idade_id,vacina_id) VALUES (80,80,3355-6435);
INSERT INTO telefones(id,idade_id,vacina_id) VALUES (81,81,3355-6179);
INSERT INTO telefones(id,idade_id,vacina_id) VALUES (82,82,3355-6131);
INSERT INTO telefones(id,idade_id,vacina_id) VALUES (83,83,3355-0204);
INSERT INTO telefones(id,idade_id,vacina_id) VALUES (84,84,3355-4879);
INSERT INTO telefones(id,idade_id,vacina_id) VALUES (85,85,3355-6411);
INSERT INTO telefones(id,idade_id,vacina_id) VALUES (86,86,3355-4640);
INSERT INTO telefones(id,idade_id,vacina_id) VALUES (87,87,3355-0304 / 3335-0305);
INSERT INTO telefones(id,idade_id,vacina_id) VALUES (88,88,3355-0308);
INSERT INTO telefones(id,idade_id,vacina_id) VALUES (89,89,3355-6230);
INSERT INTO telefones(id,idade_id,vacina_id) VALUES (90,90,3355-0404 / 3355-0407);
INSERT INTO telefones(id,idade_id,vacina_id) VALUES (91,91,2126-3633);
INSERT INTO telefones(id,idade_id,vacina_id) VALUES (92,92,3355-7826);
INSERT INTO telefones(id,idade_id,vacina_id) VALUES (93,93,3355-4425);
INSERT INTO telefones(id,idade_id,vacina_id) VALUES (94,94,3355-6442);
INSERT INTO telefones(id,idade_id,vacina_id) VALUES (95,95,3355-4358);
INSERT INTO telefones(id,idade_id,vacina_id) VALUES (96,96,3184-6400);
INSERT INTO telefones(id,idade_id,vacina_id) VALUES (97,97,3184-5460);
INSERT INTO telefones(id,idade_id,vacina_id) VALUES (98,98,3355-6186);
INSERT INTO telefones(id,idade_id,vacina_id) VALUES (99,99,3355-6686);
INSERT INTO telefones(id,idade_id,vacina_id) VALUES (100,100,3355-6126);
INSERT INTO telefones(id,idade_id,vacina_id) VALUES (101,101,3355-4636);
INSERT INTO telefones(id,idade_id,vacina_id) VALUES (102,102,3355-6932);
INSERT INTO telefones(id,idade_id,vacina_id) VALUES (103,103,3355-6710);
INSERT INTO telefones(id,idade_id,vacina_id) VALUES (104,104,3355-4676);
INSERT INTO telefones(id,idade_id,vacina_id) VALUES (105,105,3355-6426);
INSERT INTO telefones(id,idade_id,vacina_id) VALUES (106,106,3355-6211);
INSERT INTO telefones(id,idade_id,vacina_id) VALUES (107,107,3355-6869);
INSERT INTO telefones(id,idade_id,vacina_id) VALUES (108,108,3355-6254);
INSERT INTO telefones(id,idade_id,vacina_id) VALUES (109,109,3355-0216);
INSERT INTO telefones(id,idade_id,vacina_id) VALUES (110,110,3355-0059);
INSERT INTO telefones(id,idade_id,vacina_id) VALUES (111,111,3355-6138);
INSERT INTO telefones(id,idade_id,vacina_id) VALUES (112,112,3355-0035);
INSERT INTO telefones(id,idade_id,vacina_id) VALUES (113,113,3355-2535);
INSERT INTO telefones(id,idade_id,vacina_id) VALUES (114,114,3182-8500);
INSERT INTO telefones(id,idade_id,vacina_id) VALUES (115,115,3355-2331);
INSERT INTO telefones(id,idade_id,vacina_id) VALUES (116,116,3355-2230);
INSERT INTO telefones(id,idade_id,vacina_id) VALUES (117,117,3355-4440);
INSERT INTO telefones(id,idade_id,vacina_id) VALUES (118,118,3355-2537);
INSERT INTO telefones(id,idade_id,vacina_id) VALUES (119,119,3355-0090);
INSERT INTO telefones(id,idade_id,vacina_id) VALUES (120,120,3182-3000);
INSERT INTO telefones(id,idade_id,vacina_id) VALUES (121,121,3355-2539);
INSERT INTO telefones(id,idade_id,vacina_id) VALUES (122,122,3355-6651);
INSERT INTO telefones(id,idade_id,vacina_id) VALUES (123,123,3355-6118);
INSERT INTO telefones(id,idade_id,vacina_id) VALUES (124,124,3355-6685);
INSERT INTO telefones(id,idade_id,vacina_id) VALUES (125,125,3355-6936);
INSERT INTO telefones(id,idade_id,vacina_id) VALUES (126,126,3355-6098);
INSERT INTO telefones(id,idade_id,vacina_id) VALUES (127,127,3355-6090);
INSERT INTO telefones(id,idade_id,vacina_id) VALUES (128,128,3355-6687);
INSERT INTO telefones(id,idade_id,vacina_id) VALUES (129,129,3355-6103);
INSERT INTO telefones(id,idade_id,vacina_id) VALUES (130,130,3355-4692);
INSERT INTO telefones(id,idade_id,vacina_id) VALUES (131,131,3355-6407);
INSERT INTO telefones(id,idade_id,vacina_id) VALUES (132,132,3355-4673);
INSERT INTO telefones(id,idade_id,vacina_id) VALUES (133,133,3355-6122);
INSERT INTO telefones(id,idade_id,vacina_id) VALUES (134,134,3355-6162);
INSERT INTO telefones(id,idade_id,vacina_id) VALUES (135,135,3355-3407);
INSERT INTO telefones(id,idade_id,vacina_id) VALUES (136,136,3355-6825);
INSERT INTO telefones(id,idade_id,vacina_id) VALUES (137,137,3355-6247);
INSERT INTO telefones(id,idade_id,vacina_id) VALUES (138,138,3355-6215);
INSERT INTO telefones(id,idade_id,vacina_id) VALUES (139,139,3355-6078);
INSERT INTO telefones(id,idade_id,vacina_id) VALUES (140,140,3355-4625);
INSERT INTO telefones(id,idade_id,vacina_id) VALUES (141,141,3355-6650);
INSERT INTO telefones(id,idade_id,vacina_id) VALUES (142,142,3355-3032);
INSERT INTO telefones(id,idade_id,vacina_id) VALUES (143,143,3355-4713);
INSERT INTO telefones(id,idade_id,vacina_id) VALUES (144,144,3355-6166);
INSERT INTO telefones(id,idade_id,vacina_id) VALUES (146,146,3355-6174);
INSERT INTO telefones(id,idade_id,vacina_id) VALUES (147,147,3355-6690);
INSERT INTO telefones(id,idade_id,vacina_id) VALUES (148,148,3355-6239);
INSERT INTO telefones(id,idade_id,vacina_id) VALUES (149,149,3355-6158);
INSERT INTO telefones(id,idade_id,vacina_id) VALUES (150,150,3355-6251);
INSERT INTO telefones(id,idade_id,vacina_id) VALUES (151,151,3355-4620);
INSERT INTO telefones(id,idade_id,vacina_id) VALUES (152,152,3355-3037);
INSERT INTO telefones(id,idade_id,vacina_id) VALUES (153,153,3355-4712);
INSERT INTO telefones(id,idade_id,vacina_id) VALUES (154,154,3355-6452);
INSERT INTO telefones(id,idade_id,vacina_id) VALUES (155,155,3355-4684);
INSERT INTO telefones(id,idade_id,vacina_id) VALUES (156,156,3355-6190);
INSERT INTO telefones(id,idade_id,vacina_id) VALUES (157,157,3355-4428);
INSERT INTO telefones(id,idade_id,vacina_id) VALUES (158,158,3355-3330);
INSERT INTO telefones(id,idade_id,vacina_id) VALUES (159,159,3355-0119);
INSERT INTO telefones(id,idade_id,vacina_id) VALUES (160,160,3355-2223);
INSERT INTO telefones(id,idade_id,vacina_id) VALUES (161,161,3355-0160);
INSERT INTO telefones(id,idade_id,vacina_id) VALUES (162,162,3355-1350);
INSERT INTO telefones(id,idade_id,vacina_id) VALUES (163,163,3355-4381);
INSERT INTO telefones(id,idade_id,vacina_id) VALUES (164,164,3355-1820);
INSERT INTO telefones(id,idade_id,vacina_id) VALUES (165,165,3355-4444);
INSERT INTO telefones(id,idade_id,vacina_id) VALUES (166,166,3355-6438);
INSERT INTO telefones(id,idade_id,vacina_id) VALUES (145,145,3355-6909);


---------------------------------------------------------------------------------------------------------------------------


INSERT INTO unidades(id,rpa,unidade,endereco,bairro,latitude,longitude) VALUES (1,1,'US 232 USF ILHA SANTA TEREZINHA / SANTO AMARO III','RUA ARTENIS. 9  - SANTO AMARO','SANTO AMARO',-8.039779689,-34.87703218);

INSERT INTO unidades(id,rpa,unidade,endereco,bairro,latitude,longitude) VALUES (2,1,'US 242 USF SANTO AMARO I / SITIO DO CEU','RUA ANCHIETA. 520  - SANTO AMARO','SANTO AMARO',-8.041531387,-34.88040273);
INSERT INTO unidades(id,rpa,unidade,endereco,bairro,latitude,longitude) VALUES (3,1,'US 243 USF SANTO AMARO II','RUA BUARQUE DE MACEDO. 65  - SANTO AMARO','SANTO AMARO',-8.045709252,-34.87815036);

INSERT INTO unidades(id,rpa,unidade,endereco,bairro,latitude,longitude) VALUES (5,1,'US 278 USF NOSSA SENHORA DO PILAR','AV MILITAR. S/N - BAIRRO DO RECIFE','BAIRRO DO RECIFE',-8.05259663,-34.87239009);

INSERT INTO unidades(id,rpa,unidade,endereco,bairro,latitude,longitude) VALUES (6,1,'US 334 USF CABANGA','RUA ESCRITOR SOUZA BARROS. 334 - CABANGA','CABANGA',-8.079219384,-34.89969453);

INSERT INTO unidades(id,rpa,unidade,endereco,bairro,latitude,longitude) VALUES (7,1,'US 218 USF COQUE / DR BERILO PERNAMBUCANO','RUA GUAPIRAMA. 65. COQUE  - ILHA JOANA BEZERRA','ILHA JOANA BEZERRA',-8.071488433,-34.89980374);

INSERT INTO unidades(id,rpa,unidade,endereco,bairro,latitude,longitude) VALUES (8,1,'US 240 USF COELHOS I','RUA BITURUNA. 110  - COELHOS','COELHOS',-8.068240629,-34.89045505);

INSERT INTO unidades(id,rpa,unidade,endereco,bairro,latitude,longitude) VALUES (9,1,'US 241 USF COELHOS II','RUA DR JOSE MARIANO. 699 - COELHOS','COELHOS',-8.06611592,-34.88832823);

INSERT INTO unidades(id,rpa,unidade,endereco,bairro,latitude,longitude) VALUES (10,1,'US 285 USF SAO JOSE DO COQUE','AV CENTRAL. 10 - ILHA JOANA BEZERRA','ILHA JOANA BEZERRA',-8.072817109,-34.89627748);

INSERT INTO unidades(id,rpa,unidade,endereco,bairro,latitude,longitude) VALUES (11,1,'Instituto Materno-Infantil de Pernambuco (IMIP)','RUA DOS COELHOS. 300 - BOA VISTA','BOA VISTA',-8.066039,-34.889833);

INSERT INTO unidades(id,rpa,unidade,endereco,bairro,latitude,longitude) VALUES (12,2,'US 221 USF ILHA DE JOANEIRO I E II','RUA MARECHAL DEODORO - 688. CAMPO GRANDE','CAMPO GRANDE',-8.035598781,-34.88276532);

INSERT INTO unidades(id,rpa,unidade,endereco,bairro,latitude,longitude) VALUES (13,2,'US 226 USF CHAO DE ESTRELAS I E II','RUA DR ELIAS GOMES. 65  - CAMPINA DO BARRETO','CAMPINA DO BARRETO',-8.019401936,-34.88090062);

INSERT INTO unidades(id,rpa,unidade,endereco,bairro,latitude,longitude) VALUES (14,2,'US 227 USF TASSO BEZERRA - CHIE I','RUA CONTINENTAL. 270 - ILHA DO CHIE - CAMPO GRANDE','CAMPO GRANDE',-8.036199913,-34.87625486);

INSERT INTO unidades(id,rpa,unidade,endereco,bairro,latitude,longitude) VALUES (15,2,'US 244  USF PROFESSOR ANTONIO FRANCISCO AREIAS /VALE DA PRATA / SARAMANDAIA','AV JARDIM BRASILIA. 145 - PEIXINHOS','PEIXINHOS',-8.017411869,-34.87407665);

INSERT INTO unidades(id,rpa,unidade,endereco,bairro,latitude,longitude) VALUES (16,2,'US 262 USF JOSE SEVERIANO DA SILVA /CAPILE /CANAL DO ARRUDA','AV JERONIMO VILELA. 794 - CAMPO GRANDE','CAMPO GRANDE',-8.025127716,-34.88263033);

INSERT INTO unidades(id,rpa,unidade,endereco,bairro,latitude,longitude) VALUES (17,2,'US 271 USF TASSO BEZERRA - CHIE II','RUA GUAIANASES. 379 - CAMPO GRANDE','CAMPO GRANDE',-8.035912123,-34.87822813);

INSERT INTO unidades(id,rpa,unidade,endereco,bairro,latitude,longitude) VALUES (18,2,'US 286 USF IRMA TEREZINHA I E II','RUA DA CONSOLACAO. 09  - PEIXINHOS','PEIXINHOS',-8.020078401,-34.87795145);

INSERT INTO unidades(id,rpa,unidade,endereco,bairro,latitude,longitude) VALUES (19,2,'US 138 USF DR LUIZ WILSON','RUA CHA DE ALEGRIA. S/N - BOMBA DO HEMETERIO','BOMBA DO HEMETERIO',-8.021139901,-34.90441318);

INSERT INTO unidades(id,rpa,unidade,endereco,bairro,latitude,longitude) VALUES (20,2,'US 179 USF ALTO DO CEU / PORTO DA MADEIRA','RUA CAPITAO SALGUEIRO. 267 - PORTO DA MADEIRA','PORTO DA MADEIRA',-8.009710701,-34.89145005);

INSERT INTO unidades(id,rpa,unidade,endereco,bairro,latitude,longitude) VALUES (21,2,'US 274 USF TIA REGINA / CORREGO DO DEODATO','RUA CORREGO DO DEODATO. 315 - AGUA FRIA','AGUA FRIA',-8.013924296,-34.90013982);

INSERT INTO unidades(id,rpa,unidade,endereco,bairro,latitude,longitude) VALUES (22,2,'US 276 USF ALTO DO PASCOAL','AV ANIBAL BENEVOLO. S/N. ALTO DO PASCOAL - LINHA DO TIRO','LINHA DO TIRO',-8.011471981,-34.90441175);

INSERT INTO unidades(id,rpa,unidade,endereco,bairro,latitude,longitude) VALUES (23,2,'US 302 USF BYRON SARINHO','RUA NAZARE. 293  - AGUA FRIA','AGUA FRIA',-8.017193578,-34.89581297);

INSERT INTO unidades(id,rpa,unidade,endereco,bairro,latitude,longitude) VALUES (24,2,'US 222 USF CORREGO DO CURIO','RUA CORREGO DO CURIO. 73  - DOIS UNIDOS','DOIS UNIDOS',-8.000609099,-34.91593382);

INSERT INTO unidades(id,rpa,unidade,endereco,bairro,latitude,longitude) VALUES (25,2,'US 273 USF BIANOR TEODOSIO / DOIS UNIDOS','AV HILDEBRANDO DE VASCONCELOS. S/N - DOIS UNIDOS','DOIS UNIDOS',-7.988657016,-34.91736657);

INSERT INTO unidades(id,rpa,unidade,endereco,bairro,latitude,longitude) VALUES (26,2,'US 291 USF ALTO DOS COQUEIROS / CORREGO DA JAQUEIRA / LINHA DO TIRO','RUA CORREGO DA JAQUEIRA. 160 - LINHA DO TIRO','LINHA DO TIRO',-8.007926199,-34.90147594);

INSERT INTO unidades(id,rpa,unidade,endereco,bairro,latitude,longitude) VALUES (27,2,'US 309 USF PONTO DE PARADA','RUA RAMIZ GALVAO. 379 - ARRUDA','ARRUDA',-8.025612626,-34.89662631);

INSERT INTO unidades(id,rpa,unidade,endereco,bairro,latitude,longitude) VALUES (28,2,'US 327 USF CLUBE DOS DELEGADOS / VISC. DE GARRET','RUA JOAO CAVALCANTI PETRIBU. S/N - DOIS UNIDOS','DOIS UNIDOS',-7.991575926,-34.91743889);

INSERT INTO unidades(id,rpa,unidade,endereco,bairro,latitude,longitude) VALUES (29,2,'US 328 USF ALTO DO MARACANA','RUA SUBIDA MEDALHA MILAGROSA. 153. ALTO DO MARACANA  - DOIS UNIDOS','DOIS UNIDOS',-8.003869404,-34.90848785);

INSERT INTO unidades(id,rpa,unidade,endereco,bairro,latitude,longitude) VALUES (30,2,'US 339 USF ALTO DO CAPITAO','RUA TUBIRACABA. S/N  - DOIS UNIDOS','DOIS UNIDOS',-8.000008412,-34.91394503);

INSERT INTO unidades(id,rpa,unidade,endereco,bairro,latitude,longitude) VALUES (31,2,'US 376 POLICLÍNICA SALOMÃO KELNER','RUA ESTRADA VELHA DE ÁGUA FRIA. S/N. ÁGUA FRIA','ÁGUA FRIA',-8.015850039,-34.89576176);

INSERT INTO unidades(id,rpa,unidade,endereco,bairro,latitude,longitude) VALUES (32,2,'US 155 MONTEIRO MORAES','AV BEBERIBE. 4510 - BEBERIBE','BEBERIBE',-8.004098911,-34.89691814);

INSERT INTO unidades(id,rpa,unidade,endereco,bairro,latitude,longitude) VALUES (33,2,'US 169 POLICLÍNICA AMAURY COUTINHO','RUA IGUATU. S/N - CAMPINA DO BARRETO','CAMPINA DO BARRETO',-8.015850039,-34.88201221);

INSERT INTO unidades(id,rpa,unidade,endereco,bairro,latitude,longitude) VALUES (34,3,'US 336 USF UNIAO DAS VILAS','RUA GOMES PACHECO. 198 - ESPINHEIRO','ESPINHEIRO',-8.041365573,-34.88706315);

INSERT INTO unidades(id,rpa,unidade,endereco,bairro,latitude,longitude) VALUES (35,3,'US 182 USF POCO DA PANELA','RUA IRMA MARIA DA PAZ. 108 - POCO DA PANELA','POCO DA PANELA',-8.037562298,-34.92489414);

INSERT INTO unidades(id,rpa,unidade,endereco,bairro,latitude,longitude) VALUES (36,3,'US 216 USF APIPUCOS / SÃO JOAO','RUA CORONEL JOAO BATISTA DO REGO BARROS. 56 - APIPUCOS','APIPUCOS',-8.020766889,-34.93414143);

INSERT INTO unidades(id,rpa,unidade,endereco,bairro,latitude,longitude) VALUES (37,3,'US 249 USF SANTANA','RUA OLEGARINHA DA CUNHA. 333 - SANTANA','SANTANA',-8.040979353,-34.91953412);

INSERT INTO unidades(id,rpa,unidade,endereco,bairro,latitude,longitude) VALUES (38,3,'US 258 USF SITIO DOS PINTOS / DR ANTONIO DA SILVA','RUA PROFESSOR AGOSTINHO NUNES MACHADO. S/N - DOIS IRMAOS','DOIS IRMAOS',-8.014252107,-34.9572292);

INSERT INTO unidades(id,rpa,unidade,endereco,bairro,latitude,longitude) VALUES (39,3,'US 259 USF SITIO SAO BRAZ','TERCEIRA TRAVESSA DA RUA SAO BRAZ. 60 E 60A - DOIS IRMAOS','DOIS IRMAOS',-8.01801648,-34.95738556);

INSERT INTO unidades(id,rpa,unidade,endereco,bairro,latitude,longitude) VALUES (40,3,'US 260 USF CORREGO DA FORTUNA','AV PROFESSOR CLAUDIO SELVA. 1030 - DOIS IRMAOS','DOIS IRMAOS',-8.01205117,-34.95215894);

INSERT INTO unidades(id,rpa,unidade,endereco,bairro,latitude,longitude) VALUES (41,3,'US 261 USF ALTO DO EUCALIPTO / EDNALDO VASCONCELOS','RUA CAMBORIU. 664 - VASCO DA GAMA','VASCO DA GAMA',-8.008537237,-34.91942761);

INSERT INTO unidades(id,rpa,unidade,endereco,bairro,latitude,longitude) VALUES (42,3,'US 287 USF ALTO JOSE DO PINHO /IRMA DENISE','RUA MARAGOGI. 05 - ALTO JOSE DO PINHO','ALTO JOSE DO PINHO',-8.022116668,-34.90755849);

INSERT INTO unidades(id,rpa,unidade,endereco,bairro,latitude,longitude) VALUES (43,3,'US 288 USF MORRO DA CONCEICAO','RUA DA CONCEICAO. 589 - MORRO DA CONCEICAO','CASA AMARELA',-8.01881441,-34.91429775);

INSERT INTO unidades(id,rpa,unidade,endereco,bairro,latitude,longitude) VALUES (44,3,'US 290 USF DA MANGABEIRA','RUA DA MANGABEIRA.364 - MANGABEIRA','MANGABEIRA',-8.025316055,-34.90330242);

INSERT INTO unidades(id,rpa,unidade,endereco,bairro,latitude,longitude) VALUES (45,3,'US 324 USF ALTO JOSE BONIFACIO / ALCIDES CODECEIRA','PRCA VISCONDE DE SA BANDEIRA. S/N - ALTO JOSE BONIFACIO','ALTO JOSE BONIFACIO',-8.012241818,-34.91232485);

INSERT INTO unidades(id,rpa,unidade,endereco,bairro,latitude,longitude) VALUES (46,3,'US 175 USF ALTO DA BRASILEIRA / DIOGENES CAVALCANTI / RESERVATORIO','RUA ALTO DA BRASILEIRA.1002. RESERVATORIO - NOVA DESCOBERTA','NOVA DESCOBERTA',-8.001322598,-34.93547968);

INSERT INTO unidades(id,rpa,unidade,endereco,bairro,latitude,longitude) VALUES (47,3,'US 183 USF SITIO DOS MACACOS','ESTRADA DOS MACACOS. 47. VILA ARITANA - DOIS IRMAOS','DOIS IRMAOS',-7.995557364,-34.95450865);

INSERT INTO unidades(id,rpa,unidade,endereco,bairro,latitude,longitude) VALUES (48,3,'US 231 USF CORREGO DA BICA/MARIA EDUARDA CESSE','RUA SANTA TEREZA. S/N CORREGO DA BICA - GUABIRABA','GUABIRABA',-7.988244255,-34.92928917);
INSERT INTO unidades(id,rpa,unidade,endereco,bairro,latitude,longitude) VALUES (49,3,'US 251 USF DA GUABIRABA','AV OTACILIO DE AZEVEDO. 115 - GUABIRABA','GUABIRABA',-7.993813401,-34.93530561);

INSERT INTO unidades(id,rpa,unidade,endereco,bairro,latitude,longitude) VALUES (50,3,'US 256 USF PASSARINHO BAIXO','RUA DO CANARIO. 220  - PASSARINHO','PASSARINHO',-7.979715193,-34.91693981);

INSERT INTO unidades(id,rpa,unidade,endereco,bairro,latitude,longitude) VALUES (51,3,'US 257 USF GILBERTO FREIRE / BOLA NA REDE','RUA AMARO LUIZ DE CARVALHO. S/N - GUABIRABA','GUABIRABA',-7.966015429,-34.92496471);

INSERT INTO unidades(id,rpa,unidade,endereco,bairro,latitude,longitude) VALUES (52,3,'US 272 USF SANTA TEREZA / FREI DAMIAO','RUA ALTO SANTA TEREZA. 746 - NOVA DESCOBERTA','NOVA DESCOBERTA',-7.986251016,-34.92685249);

INSERT INTO unidades(id,rpa,unidade,endereco,bairro,latitude,longitude) VALUES (53,3,'US 279 USF PASSARINHO ALTO','RUA DAS ROSAS 120 - PASSARINHO','PASSARINHO',-7.9799605,-34.91499806);

INSERT INTO unidades(id,rpa,unidade,endereco,bairro,latitude,longitude) VALUES (54,3,'US 283 USF VILA BOA VISTA','AV VEREADOR OTACILIO DE AZEVEDO. 4598 - GUABIRABA','GUABIRABA',-7.995729666,-34.92579288);

INSERT INTO unidades(id,rpa,unidade,endereco,bairro,latitude,longitude) VALUES (55,3,'US 305 USF DA MACAXEIRA / BURITY','RUA MARIA CANDIDA. 87 - MACAXEIRA','MACAXEIRA',-8.010897702,-34.9313243);

INSERT INTO unidades(id,rpa,unidade,endereco,bairro,latitude,longitude) VALUES (56,3,'US 350 USF CORREGO DO EUCALIPTO','RUA TEREZA CARNEIRO. 26  - MACAXEIRA','MACAXEIRA',-8.006700295,-34.9283029);

INSERT INTO unidades(id,rpa,unidade,endereco,bairro,latitude,longitude) VALUES (57,3,'US 352 USF DR HELIO MENDONCA / CORREGO DO JENIPAPO','RUA ERUNDINA NEGREIROS DE ARAUJO. S/N - CORREGO DO JENIPAPO','CORREGO DO JENIPAPO',-8.006385198,-34.93662567);

INSERT INTO unidades(id,rpa,unidade,endereco,bairro,latitude,longitude) VALUES (58,3,'US 162 POLICLINICA ALBERT SABIM','R. PADRE ROMA.191 - TAMARINEIRA','TAMARINEIRA',-8.033962381,-34.90517485);

INSERT INTO unidades(id,rpa,unidade,endereco,bairro,latitude,longitude) VALUES (59,3,'US 103 MARIO RAMOS','RUA OSCAR DE BARROS . S/N - CASA AMARELA','CASA AMARELA',-8.022882817,-34.91618245);

INSERT INTO unidades(id,rpa,unidade,endereco,bairro,latitude,longitude) VALUES (60,3,'US 171 JOAQUIM C. CARVALHO','RUA SIRIGI. S/N - ALTO DO MANDÚ ALTO DO MANDÚ','CASA AMARELA',-8.024348245,-34.92848594);

INSERT INTO unidades(id,rpa,unidade,endereco,bairro,latitude,longitude) VALUES (61,3,'US 109 FRANCISCO PIGNATARI','RUA ESTRADA DO ARRAIL. S/N - CASA AMARELA','CASA AMARELA',-8.027559011,-34.91869407);

INSERT INTO unidades(id,rpa,unidade,endereco,bairro,latitude,longitude) VALUES (62,3,'US 167 UNIDADE M. PROF. BARROS LIMA','AV. NORTE . 6465 - CASA AMARELA','CASA AMARELA',-8.020878033,-34.92322341);

INSERT INTO unidades(id,rpa,unidade,endereco,bairro,latitude,longitude) VALUES (63,3,'US 152 INÁ ROSA BORGES','R SENADOR MILTON CAMPUS . S/N - VASCO DA GAMA','VASCO DA GAMA',-8.01629783,-34.92109977);

INSERT INTO unidades(id,rpa,unidade,endereco,bairro,latitude,longitude) VALUES (64,3,'US 144 POLICLINICA CLEMENTINO FRAGA','R. JAPARATUBA. 26 - CASA AMARELA','CASA AMARELA',-8.01949549,-34.9198327);

INSERT INTO unidades(id,rpa,unidade,endereco,bairro,latitude,longitude) VALUES (65,3,'US 120 MARIO MONTEIRO','LARGO D. REGINA.  99 - NOVA DESCOBERTA','NOVA DESCOBERTA',-8.018975167,-34.92632866);

INSERT INTO unidades(id,rpa,unidade,endereco,bairro,latitude,longitude) VALUES (66,3,'US 121 PROF. BRUNO MAIA','ALTO DO REFÚGIO S/N - CÓRREGO DA AREIA','CÓRREGO DA AREIA',-8.000945036,-34.92445082);

INSERT INTO unidades(id,rpa,unidade,endereco,bairro,latitude,longitude) VALUES (67,3,'HOSPITAL DA POLÍCIA MILITAR','PRAÇA DO DERBY. S/N -  DERBY','DERBY',-8.055607,-34.901324);

INSERT INTO unidades(id,rpa,unidade,endereco,bairro,latitude,longitude) VALUES (68,3,'HOSPITAL DOS SERVIDORES DO ESTADO','AV. ROSA E SILVA. S/N -  ESPINHEIRO','ESPINHEIRO',-8.047959,-34.896828);

INSERT INTO unidades(id,rpa,unidade,endereco,bairro,latitude,longitude) VALUES (69,3,'HOSPITAL DA RESTAURAÇÃO','AV. AGAMENON MAGALHÃES S/N -DERBY','DERBY',-8.053557,-34.897826);

INSERT INTO unidades(id,rpa,unidade,endereco,bairro,latitude,longitude) VALUES (70,3,'HOSPITAL AGAMENON MAGALHÃES','ESTRADA DO ARRAIAL. 2723  - CASA AMARELA','CASA AMARELA',-8.030228,-34.90716);

INSERT INTO unidades(id,rpa,unidade,endereco,bairro,latitude,longitude) VALUES (71,4,'US 184 USF VILA UNIAO / AIRTON SENA','RUA NOVA ALIANCA. S/N  - IPUTINGA','IPUTINGA',-8.030669297,-34.93273526);

INSERT INTO unidades(id,rpa,unidade,endereco,bairro,latitude,longitude) VALUES (72,4,'US 224 USF CARANGUEJO','RUA TABAIARES. S/N - ILHA DO RETIRO','ILHA DO RETIRO',-8.064906619,-34.90531218);

INSERT INTO unidades(id,rpa,unidade,endereco,bairro,latitude,longitude) VALUES (73,4,'US 225 USF SKYLAB','RUA MAURICIO DE NASSAU. S/N  - IPUTINGA','IPUTINGA',-8.038811976,-34.93072083);

INSERT INTO unidades(id,rpa,unidade,endereco,bairro,latitude,longitude) VALUES (74,4,'US 237 USF SITIO DAS PALMEIRAS','RUA FELIXLANDIA. 176 - CORDEIRO','CORDEIRO',-8.051086994,-34.93706505);

INSERT INTO unidades(id,rpa,unidade,endereco,bairro,latitude,longitude) VALUES (75,4,'US 280 USF SITIO CARDOSO','RUA MENEZES DRUMONT. 99 - MADALENA','MADALENA',-8.051360747,-34.90930545);

INSERT INTO unidades(id,rpa,unidade,endereco,bairro,latitude,longitude) VALUES (76,4,'US 307 USF EMOCY KRAUSE','RUA CANTORA CLARA NUNES. S/N . SANTA LUZIA - CORDEIRO','CORDEIRO',-8.04460001,-34.91689509);

INSERT INTO unidades(id,rpa,unidade,endereco,bairro,latitude,longitude) VALUES (77,4,'US 349 USF CASARAO DO CORDEIRO','RUA ODETE MONTEIRO. 450 - CORDEIRO','CORDEIRO',-8.04452267,-34.92128322);

INSERT INTO unidades(id,rpa,unidade,endereco,bairro,latitude,longitude) VALUES (78,4,'US 233 USF VIETNA I E II','RUA EDUARDO CUSTODIO. 164 - TORROES','TORROES',-8.067634962,-34.93474653);

INSERT INTO unidades(id,rpa,unidade,endereco,bairro,latitude,longitude) VALUES (79,4,'US 234 USF RODA DE FOGO / COSIROF','RUA EDVALDO MARANHAO FERREIRA. 135 - TORROES','TORROES',-8.058527304,-34.93865898);

INSERT INTO unidades(id,rpa,unidade,endereco,bairro,latitude,longitude) VALUES (80,4,'US 235 USF RODA DE FOGO / SINOS','RUA DOS SINOS. 35 - TORROES','TORROES',-8.055022311,-34.93861397);

INSERT INTO unidades(id,rpa,unidade,endereco,bairro,latitude,longitude) VALUES (81,4,'US 236 USF RODA DE FOGO / MACAE','RUA MACAE. 125 - TORROES','TORROES',-8.061475145,-34.93799703);

INSERT INTO unidades(id,rpa,unidade,endereco,bairro,latitude,longitude) VALUES (82,4,'US 252 USF ENGENHO DO MEIO','RUA MANOEL ALVES DEUS DARA. 461 - ENGENHO DO MEIO','ENGENHO DO MEIO',-8.05713336,-34.94607368);

INSERT INTO unidades(id,rpa,unidade,endereco,bairro,latitude,longitude) VALUES (83,4,'US 247 USF ROSA SELVAGEM','RUA PROFESSOR OTAVIO TAVARES. 30. UR 07 - VARZEA','VARZEA',-8.032409363,-34.97788002);

INSERT INTO unidades(id,rpa,unidade,endereco,bairro,latitude,longitude) VALUES (84,4,'US 248 USF BARREIRAS','RUA AGUA CLARA. 145 - VARZEA','VARZEA',-8.024497931,-34.96334486);
INSERT INTO unidades(id,rpa,unidade,endereco,bairro,latitude,longitude) VALUES (85,4,'US 254 USF BRASILIT','RUA EMILIANO BRAGA. S/N - BRASILIT','BRASILIT',-8.036015834,-34.94954974);

INSERT INTO unidades(id,rpa,unidade,endereco,bairro,latitude,longitude) VALUES (86,4,'US 255 USF CAMPO DO BANCO','RUA GEN. ADAUTO GOMES BARBOSA . 09 - VARZEA','VARZEA',-8.048048859,-34.95480059);

INSERT INTO unidades(id,rpa,unidade,endereco,bairro,latitude,longitude) VALUES (87,4,'US 295 USF COSME E DAMIAO','RUA TOMAZ FERREIRA. 79 - VARZEA','VARZEA',-8.033019326,-34.9915375);

INSERT INTO unidades(id,rpa,unidade,endereco,bairro,latitude,longitude) VALUES (88,4,'US 331 USF PROFESSOR AMAURY DE MEDEIROS/BREGA E CHIQUE','RUA RORAIMA. 102 - VARZEA','VARZEA',-8.039041114,-34.97861379);

INSERT INTO unidades(id,rpa,unidade,endereco,bairro,latitude,longitude) VALUES (89,4,'US 337 USF SITIO WANDERLEY','RUA HEMETERIO MACIEL. N 311. CAXITO - VARZEA','VARZEA',-8.038962566,-34.95032345);

INSERT INTO unidades(id,rpa,unidade,endereco,bairro,latitude,longitude) VALUES (90,4,'US 378 USF JARDIM TERESOPOLIS','RUA ANTONIO ROMANO. S/N - VARZEA','VARZEA',-8.034376513,-34.97586077);

INSERT INTO unidades(id,rpa,unidade,endereco,bairro,latitude,longitude) VALUES (91,4,'HOSPITAL DAS CLÍNICAS','AV. PROF. MORAES REGO. 1235 - CIDADE UNIVERSITÁRIA','CIDADE UNIVERSITÁRIA',-8.044442,-34.945463);

INSERT INTO unidades(id,rpa,unidade,endereco,bairro,latitude,longitude) VALUES (92,4,'US 128 POLICLÍNICA LESSA DE ANDRADE','RUA ESTRADA DOS REMÉDIOS. 2416 - MADALENA','MADALENA',-8.058854329,-34.90694276);

INSERT INTO unidades(id,rpa,unidade,endereco,bairro,latitude,longitude) VALUES (93,4,'US 106 CS PROF. JOAQUIM CAVALCANTE','AV. FORTE DO ARRAIAL NOVO DO BOM JESUS. 1350 - TORRÕES','TORROES',-8.059006365,-34.93181124);

INSERT INTO unidades(id,rpa,unidade,endereco,bairro,latitude,longitude) VALUES (94,4,'US 149 CS PROF. OLINTO DE OLIVEIRA','RUA FRANCISCO DE PAULA. 47 - CAXANGÁ','CAXANGÁ',-8.03069298,-34.95576363);

INSERT INTO unidades(id,rpa,unidade,endereco,bairro,latitude,longitude) VALUES (95,4,'US 112 CS DR. JOSÉ DUSTAN','AV. MAURÍCIO DE NASSAU. S/N - IPUTINGA','IPUTINGA',-8.038626508,-34.93101098);

INSERT INTO unidades(id,rpa,unidade,endereco,bairro,latitude,longitude) VALUES (96,4,'HOSPITAL BARÃO DE LUCENA','AV. CAXANGÁ. S/N -IPUTINGA','IPUTINGA',-8.039258,-34.93962);

INSERT INTO unidades(id,rpa,unidade,endereco,bairro,latitude,longitude) VALUES (97,4,'HOSPITAL GETÚLIO VARGAS','AV. GAL SAN MARTIN - CORDEIRO','CORDEIRO',-8.051071,-34.922117);

INSERT INTO unidades(id,rpa,unidade,endereco,bairro,latitude,longitude) VALUES (98,5,'US 265 USF MANGUEIRA I','RUA JUPIACARA. 70 - MANGUEIRA','MANGUEIRA',-8.075012353,-34.92448121);

INSERT INTO unidades(id,rpa,unidade,endereco,bairro,latitude,longitude) VALUES (99,5,'US 266 USF MANGUEIRA II','RUA FELICIANO CASTILHO. 64 - MANGUEIRA','MANGUEIRA',-8.07548113,-34.92058532);

INSERT INTO unidades(id,rpa,unidade,endereco,bairro,latitude,longitude) VALUES (100,5,'US 300 USF DR GERALDO BARRETO CAMPELO / SAN MARTIN / POVO DE DEUS','RUA COMENDADOR FRANCO FERREIRA. 876  - SAN MARTIN','SAN MARTIN',-8.073144307,-34.92917383);

INSERT INTO unidades(id,rpa,unidade,endereco,bairro,latitude,longitude) VALUES (101,5,'US 301 USF BONGI / BOA IDEIA','RUA ARAGUAIA. 83 - SAN MARTIN','SAN MARTIN',-8.069296276,-34.92403745);

INSERT INTO unidades(id,rpa,unidade,endereco,bairro,latitude,longitude) VALUES (102,5,'US 284 USF VILA SAO MIGUEL / MARROM GLACE','RUA MARIAPOLIS. 132  - AFOGADOS','AFOGADOS',-8.082412663,-34.91185039);

INSERT INTO unidades(id,rpa,unidade,endereco,bairro,latitude,longitude) VALUES (103,5,'US 323 USF MUSTARDINHA','RUA MAJOR MARIO PORTELA. 472 - MUSTARDINHA','MUSTARDINHA',-8.067677008,-34.91572045);

INSERT INTO unidades(id,rpa,unidade,endereco,bairro,latitude,longitude) VALUES (104,5,'US 344 USF JIQUIA I E II','RUA BEZINHA. 137 - JIQUIA','JIQUIA',-8.084060615,-34.92405139);
INSERT INTO unidades(id,rpa,unidade,endereco,bairro,latitude,longitude) VALUES (105,5,'US 177 USF CHICO MENDES / XIMBORE','PRIMEIRA TRAVESSA DO CAMPO. S/N - AREIAS','AREIAS',-8.101216818,-34.93204312);

INSERT INTO unidades(id,rpa,unidade,endereco,bairro,latitude,longitude) VALUES (106,5,'US 186 USF JARDIM UCHOA','RUA JUPIRACI. 130 - 
AREIAS','AREIAS',-8.10100432,-34.93792792);

INSERT INTO unidades(id,rpa,unidade,endereco,bairro,latitude,longitude) VALUES (107,5,'US 238 USF IRAQUE / RUA DO RIO','RUA MEARIM. 55 - ESTANCIA','ESTANCIA',-8.090673693,-34.92790126);

INSERT INTO unidades(id,rpa,unidade,endereco,bairro,latitude,longitude) VALUES (108,5,'US 294 USF VILA TAMANDARE / BEIRINHA','RUA DIAS CARDOSO. 11 - ESTANCIA','ESTANCIA',-8.093537148,-34.92445032);

INSERT INTO unidades(id,rpa,unidade,endereco,bairro,latitude,longitude) VALUES (109,5,'US 239 USF COQUEIRAL I E II','RUA MARIA TEREZA. 174 - COQUEIRAL','COQUEIRAL',-8.084460037,-34.96937853);

INSERT INTO unidades(id,rpa,unidade,endereco,bairro,latitude,longitude) VALUES (110,5,'US 245 USF PLANETA DOS MACACOS II','RUA EDGAR CARNEIRO. 929  - JARDIM SAO PAULO','JARDIM SAO PAULO',-8.078167277,-34.95030166);

INSERT INTO unidades(id,rpa,unidade,endereco,bairro,latitude,longitude) VALUES (111,5,'US 338 USF GUARULHOS','AV SAO PAULO. 605  - JARDIM SÃO PAULO','JARDIM SAO PAULO',-8.081161227,-34.94028137);

INSERT INTO unidades(id,rpa,unidade,endereco,bairro,latitude,longitude) VALUES (112,5,'US 345 USF PLANETA DOS MACACOS I','RUA QUATRO DE SETEMBRO. 145 - CURADO','CURADO',-8.081776633,-34.95382921);

INSERT INTO unidades(id,rpa,unidade,endereco,bairro,latitude,longitude) VALUES (113,5,'USF 117 DR. PEDRO GASPAR REGUEIRA COSTA','RUA PADRE DIOGO RODRIGUES. 744 - BARRO','BARRO',-8.08983613,-34.94220911);

INSERT INTO unidades(id,rpa,unidade,endereco,bairro,latitude,longitude) VALUES (114,5,'HOSPITAL GERAL OTÁVIO DE FREITAS','RUA APRÍGIO GUIMARÃES. S/N - TEJIPIÓ','TEJIPIÓ',-8.086551,-34.961979);

INSERT INTO unidades(id,rpa,unidade,endereco,bairro,latitude,longitude) VALUES (115,5,'US 159 CS AGAMENON MAGALHÃES','PRAÇA LARGO DA PAZ. S/N - AFOGADOS','AFOGADOS',-8.08058776,-34.90551991);

INSERT INTO unidades(id,rpa,unidade,endereco,bairro,latitude,longitude) VALUES (116,5,'US 165 MATERNIDADE BANDEIRA FILHO','RUA LONDRINA. S/N - AFOGADOS','AFOGADOS',-8.078977,-34.910797);

INSERT INTO unidades(id,rpa,unidade,endereco,bairro,latitude,longitude) VALUES (117,5,'US 161 CS ROMERO MARQUES','RUA CARLOS GOMES. 932 - MADALENA','MADALENA',-8.063814123,-34.91370481);

INSERT INTO unidades(id,rpa,unidade,endereco,bairro,latitude,longitude) VALUES (118,5,'US 150  CS FERMAMDES FIGUEIRA','PRAÇ JARDIM SÃO PAULO . S/N - JARDIM SÃO PAULO','JARDIM SAO PAULO',-8.082092521,-34.9388242);

INSERT INTO unidades(id,rpa,unidade,endereco,bairro,latitude,longitude) VALUES (119,5,'US 158 PAM CEASA','RODOVIA BR 101 SUL. 11606 - CURADO','CURADO',-8.072489579,-34.94340487);

INSERT INTO unidades(id,rpa,unidade,endereco,bairro,latitude,longitude) VALUES (120,5,'HOSPITAL GERAL DE AREIAS','AV. RECIFE. S/N - VILA TAMANDARÉ','AREIAS',-8.100508,-34.928008);

INSERT INTO unidades(id,rpa,unidade,endereco,bairro,latitude,longitude) VALUES (121,5,'US 142 BIDU KRAUSE','AV. ONZE DE AGOSTO. S/N - TOTÓ','TOTÓ',-8.07950259,-34.97027277);
INSERT INTO unidades(id,rpa,unidade,endereco,bairro,latitude,longitude) VALUES (122,5,'US 164 CRAVO GAMA','RUA DO ROSÁRIO. S/N - AFOGADOS','AFOGADOS',-8.0811407,-34.91022383);

INSERT INTO unidades(id,rpa,unidade,endereco,bairro,latitude,longitude) VALUES (123,6,'US 173 USF DANCING DAYS','RUA DANCING DAYS. 109  - IMBIRIBEIRA','IMBIRIBEIRA',-8.103690004,-34.92168645);

INSERT INTO unidades(id,rpa,unidade,endereco,bairro,latitude,longitude) VALUES (124,6,'US 174 USF SITIO GRANDE','AV LUXEMBURGO. 254. SITIO GRANDE - IMBIRIBEIRA','IMBIRIBEIRA',-8.102195347,-34.91258197);

INSERT INTO unidades(id,rpa,unidade,endereco,bairro,latitude,longitude) VALUES (125,6,'US 187 USF ILHA DE DEUS','RUA SAO JOSE. S/N.  ILHA DE DEUS  - IMBIRIBEIRA','IMBIRIBEIRA',-8.086537851,-34.90190543);

INSERT INTO unidades(id,rpa,unidade,endereco,bairro,latitude,longitude) VALUES (126,6,'US 268 USF CAFESOPOLIS','RUA MASCARENHAS DE MORAES. S/N  - IMBIRIBEIRA','IMBIRIBEIRA',-8.098967582,-34.90987036);

INSERT INTO unidades(id,rpa,unidade,endereco,bairro,latitude,longitude) VALUES (127,6,'US 269 USF BEIRA DO RIO / COMUNIDADE BOA VIAGEM / LEONIDAS CRAVO GAMA','RUA RIBEIRO DE BRITO. 1361  - BOA VIAGEM','BOA VIAGEM',-8.123183838,-34.90886995);
INSERT INTO unidades(id,rpa,unidade,endereco,bairro,latitude,longitude) VALUES (128,6,'US 292 USF VILA DO IPSEP','RUA VIRGINIA HERACLIO. S/N - IPSEP','IPSEP',-8.104898549,-34.92335594);

INSERT INTO unidades(id,rpa,unidade,endereco,bairro,latitude,longitude) VALUES (129,6,'US 296 USF COQUEIRAL / IMBIRIBEIRA','RUA SARGENTO SILVINO DE MACEDO. 129  - IMBIRIBEIRA','IMBIRIBEIRA',-8.113355928,-34.90688825);

INSERT INTO unidades(id,rpa,unidade,endereco,bairro,latitude,longitude) VALUES (130,6,'US 297 USF DO PINA / JOAO RODRIGUES','RUA BARREIROS. 90 - BEIRA RIO - PINA','PINA',-8.090128584,-34.88503352);

INSERT INTO unidades(id,rpa,unidade,endereco,bairro,latitude,longitude) VALUES (131,6,'US 316 USF BERNARDO VAN LEER / BRASILIA TEIMOSA','RUA FRANCISCO VAL PASSOS. S/N - BRASILIA TEIMOSA','BRASILIA TEIMOSA',-8.08567249,-34.88290595);

INSERT INTO unidades(id,rpa,unidade,endereco,bairro,latitude,longitude) VALUES (132,6,'US 326 USF JADER DA ANDRADE / COMUNIDADE ENTRA APULSO','RUA CORONEL ANISIO RODRIGUES COELHO. 08 -QD 121  - BOA VIAGEM','BOA VIAGEM',-8.12119499,-34.90721928);

INSERT INTO unidades(id,rpa,unidade,endereco,bairro,latitude,longitude) VALUES (133,6,'US 342 USF DJALMA DE HOLANDA CAVALCANTE','RUA DELFIN. 87  - BRASILIA TEIMOSA','BRASILIA TEIMOSA',-8.080168553,-34.87793827);

INSERT INTO unidades(id,rpa,unidade,endereco,bairro,latitude,longitude) VALUES (134,6,'US 298 USF JORDAO ALTO','AV DONA CARENTINA. QD B/ LOTE II  - JORDAO','JORDAO',-8.134809882,-34.94101056);

INSERT INTO unidades(id,rpa,unidade,endereco,bairro,latitude,longitude) VALUES (135,6,'US 299 USF JORDAO BAIXO','RUA JOSE MATORANO. 100  - JORDAO','JORDAO',-8.130105876,-34.9393806);

INSERT INTO unidades(id,rpa,unidade,endereco,bairro,latitude,longitude) VALUES (136,6,'US 311 USF AGUA VIVA','RUA TANABI. S/N. LOTE 4  - IBURA','IBURA',-8.126579397,-34.94139057);

INSERT INTO unidades(id,rpa,unidade,endereco,bairro,latitude,longitude) VALUES (137,6,'US 312 USF VILA DO SESI','RUA PROFESSOR FERNANDO MOTA. 217 - IBURA DE BAIXO','IBURA',-8.109481096,-34.93938653);

INSERT INTO unidades(id,rpa,unidade,endereco,bairro,latitude,longitude) VALUES (138,6,'US 314 USF RIO DA PRATA','RUA RIO DA PRATA. 455 - IBURA','IBURA',-8.118824858,-34.937013);

INSERT INTO unidades(id,rpa,unidade,endereco,bairro,latitude,longitude) VALUES (139,6,'US 317 USF ALTO DA BELA VISTA','RUA RIO DA PRATA. 455 - IBURA','IBURA',-8.123613857,-34.94144326);

INSERT INTO unidades(id,rpa,unidade,endereco,bairro,latitude,longitude) VALUES (140,6,'US 346 USF ALTO DA JAQUEIRA','RUA VINTE E DOIS DE AGOSTO. 56 - JORDAO','JORDAO',-8.134429383,-34.93384201);

INSERT INTO unidades(id,rpa,unidade,endereco,bairro,latitude,longitude) VALUES (141,6,'US 351 USF PAZ E AMOR','RUA SENADOR POMPEU. 120 - IBURA','IBURA',-8.116193855,-34.93009484);

INSERT INTO unidades(id,rpa,unidade,endereco,bairro,latitude,longitude) VALUES (142,6,'US 373 USF CIDADE OPERARIA','RUA EMILIO MONTEIRO FONSECA. 1688 - IBURA/COHAB','COHAB',-8.125524619,-34.93694402);

INSERT INTO unidades(id,rpa,unidade,endereco,bairro,latitude,longitude) VALUES (143,6,'US 172 USF TRES CARNEIROS ALTO / JORGE LOBO','RUA IBITIARA. 154 - TRES CARNEIROS ALTO - COHAB','COHAB',-8.12535689,-34.95821898);

INSERT INTO unidades(id,rpa,unidade,endereco,bairro,latitude,longitude) VALUES (144,6,'US 228 USF UR 04/05 1 ETAPA / JOSE MANOEL DE FREITAS','RUA CAPITAO VICENTE CURADO. 33. UR 04 - COHAB','COHAB',-8.132004623,-34.94825996);

INSERT INTO unidades(id,rpa,unidade,endereco,bairro,latitude,longitude) VALUES (145,6,'US 229 USF UR 10 / ARNALDO DE FRANCA CALDAS','RUA MONTE ALEGRE. 132. UR 10 - COHAB','COHAB',-8.136684718,-34.95262966);

INSERT INTO unidades(id,rpa,unidade,endereco,bairro,latitude,longitude) VALUES (146,6,'US 230 USF LAGOA ENCANTADA','AV DR BENIGNO JORDAO DE VASCONCELOS. S/N- COHAB','COHAB',-8.120065506,-34.9504665);

INSERT INTO unidades(id,rpa,unidade,endereco,bairro,latitude,longitude) VALUES (147,6,'US 250 USF UR 12 UR 5  3 ETAPA','RUA FRANCISCO MIRANDA. 16 - COHAB','COHAB',-8.126240342,-34.95310379);

INSERT INTO unidades(id,rpa,unidade,endereco,bairro,latitude,longitude) VALUES (148,6,'US 267 USF UR 02','AV SANTA FE. 240 - UR 02 - COHAB','COHAB',-8.117149084,-34.95525354);
INSERT INTO unidades(id,rpa,unidade,endereco,bairro,latitude,longitude) VALUES (149,6,'US 270 USF JARDIM MONTE VERDE','AV CHAPADA DO ARARIPE. 116 - COHAB','COHAB',-8.115134984,-34.95977812);

INSERT INTO unidades(id,rpa,unidade,endereco,bairro,latitude,longitude) VALUES (150,6,'US 281 USF VILA DOS MILAGRES','RUA DAS FLORES. 60. VILA DOS MILAGRES  - IBURA','IBURA',-8.106095944,-34.95030142);

INSERT INTO unidades(id,rpa,unidade,endereco,bairro,latitude,longitude) VALUES (151,6,'US 282 USF VILA DAS AEROMOCAS','RUA AIQUARA. 25 -  VILA DAS AEROMOCAS - COHAB','COHAB',-8.136373606,-34.95709906);

INSERT INTO unidades(id,rpa,unidade,endereco,bairro,latitude,longitude) VALUES (152,6,'US 289 USF JOSUE DE CASTRO / 27 DE NOVEMBRO','AV CORACAO DE JESUS. S/N UR 03 - IBURA','IBURA',-8.110868332,-34.9526877);

INSERT INTO unidades(id,rpa,unidade,endereco,bairro,latitude,longitude) VALUES (153,6,'US 313 USF TRES CARNEIROS DE BAIXO / ZUMBI DO PACHECO / SEVERINO DIAS','AV CAMPO VERDE. S/N - TRES CARNEIROS BAIXO - COHAB','COHAB',-8.12778535,-34.95613879);

INSERT INTO unidades(id,rpa,unidade,endereco,bairro,latitude,longitude) VALUES (154,6,'US 315 USF UR 03','AV ENGENHO BABILONIA. 168  - IBURA','IBURA',-8.112562321,-34.94969858);

INSERT INTO unidades(id,rpa,unidade,endereco,bairro,latitude,longitude) VALUES (155,6,'US 341 USF PANTANAL / PROFESSOR FERNANDES FIGUEIRA','RUA BANDEIRANTE RAPOSO TAVARES.100 PANTANAL  - IBURA','IBURA',-8.106949688,-34.95801146);

INSERT INTO unidades(id,rpa,unidade,endereco,bairro,latitude,longitude) VALUES (156,6,'US 347 USF PARQUE DOS MILAGRES','RUA CLARA NUNES S/N - ALTO DOS MILAGRES - COHAB','COHAB',-8.113094126,-34.94598445);

INSERT INTO unidades(id,rpa,unidade,endereco,bairro,latitude,longitude) VALUES (157,6,'US 119 PROF. JOSÉ CARNEIRO LEÃO','RUA NOGUEIRA DE SOUZA. 334  PINA','PINA',-8.087387284,-34.88978337);

INSERT INTO unidades(id,rpa,unidade,endereco,bairro,latitude,longitude) VALUES (158,6,'US 126 VEREADOR ROMILDO GOMES','RUA JALISCO. S/N  IMBIRIBEIRA','IMBIRIBEIRA',-8.116677633,-34.91100333);

INSERT INTO unidades(id,rpa,unidade,endereco,bairro,latitude,longitude) VALUES (159,6,'US 137 DJAIR BRINDEIRO - COMAR','RUA COSMORANA. S/N - BOA VIAGEM','BOA VIAGEM',-8.148218836,-34.91367723);

INSERT INTO unidades(id,rpa,unidade,endereco,bairro,latitude,longitude) VALUES (160,6,'USF 187 ILHA DE DEUS - PINA','RUA BARREIROS. 120 - PINA','PINA',-8.086537851,-34.90190543);
INSERT INTO unidades(id,rpa,unidade,endereco,bairro,latitude,longitude) VALUES (161,6,'US 148 CS DOM MIGUEL DE LIMA VALVERDE','RUA FELICIANO JOSÉ DE CASTRO . 195 - BOA  VIAGEM','BOA VIAGEM',-8.133421089,-34.90465997);

INSERT INTO unidades(id,rpa,unidade,endereco,bairro,latitude,longitude) VALUES (162,6,'US 293 POLICLÍNICA DO PINA','AV. REPÚBLICA DO LÍBANO. 355 - PINA','PINA',-8.08600535,-34.89049059);

INSERT INTO unidades(id,rpa,unidade,endereco,bairro,latitude,longitude) VALUES (163,6,'US 113 CS. ARISTARCO DOURADO DE AZEVEDO','RUA BAHIA. 29 - JORDÃO BAIXO','JORDÃO',-8.131577726,-34.93700993);

INSERT INTO unidades(id,rpa,unidade,endereco,bairro,latitude,longitude) VALUES (164,6,'US 153 POL. E MATERNIDADE ARNALDO MARQUES','AV. DOIS RIOS. S/N - IBURA','IBURA',-8.120497443,-34.94403371);

INSERT INTO unidades(id,rpa,unidade,endereco,bairro,latitude,longitude) VALUES (165,6,'US 104 CS. PROF. SEBASTIÃO IVO RABELO','AV. CAMPINA GRANDE. S/N UR 01','IBURA',-8.119632056,-34.94788159);

INSERT INTO unidades(id,rpa,unidade,endereco,bairro,latitude,longitude) VALUES (166,6,'USF 289 PSF JOSUE DE CASTRO - 27 DE NOVEMBRO','RUA CORAÇÃO DE JESUS. S/N  UR 03','MUSTARDINHA',-8.074802,-34.919232);

---------------------------------------------------------------------------------------------------------------------------


INSERT INTO vacinas(id,nome,dose,dose_qtd,via_administracao,descricao,slug,image) VALUES (1,'BCG','Dose única','0.1 ml','ID','PrevençãoPrevine contra formas graves de tuberculose, doença causada pelo Mycrobacterium tuberculosis, que afeta principalmente os pulmões, mas pode também se alojar em outros órgãos.
A transmissão se dá por via aérea, eliminação de aerossóis contaminados. Quem transmite a infecção é o doente portador de lesão pulmonar que se comunica com o meio exterior, possibilitando, por meio de tosse e do espirro, a poluição ambiental.
Fonte: PORTAL EDUCAÇÃO - Cursos Online : Mais de 1000 cursos online com certificado
http://www.portaleducacao.com.br/enfermagem/artigos/21977/composicao-da-vacina-bcg#ixzz3QcmMMH6R','bcg','');

INSERT INTO vacinas(id,nome,dose,dose_qtd,via_administracao,descricao,slug,image) VALUES (10,'Tetra Viral','2ª Dose','0.5 ml','SC','0','tetra-viral','');

INSERT INTO vacinas(id,nome,dose,dose_qtd,via_administracao,descricao,slug,image) VALUES (16,'Pneumocócica 23','Dose única','','','0','pneumococica23','');

INSERT INTO vacinas(id,nome,dose,dose_qtd,via_administracao,descricao,slug,image) VALUES (27,'Poliomielite (oral)','Reforço','02 gotas','Oral','COMPOSIÇÃO E APRESENTAÇÃO
Contém por dose:
Pólio vírus 1 – 1.000.000 DICT 50
Pólioi virus 2 _ 100.000 DICT 50
Pólio vírus 3 _ 600.000 DICT 50

VIA DE ADMINISTRAÇÃO
ORAL 2 gotas =1 dose

IDADE RECOMENDADA
Na rotina: a partir dos dois meses de idade
Nas campanhas: desde o nascimento até menos de 5 anos.

ESQUEMA VACINAL
1ª, 2ª e 3ª dose: aos 2, 4 e 6 meses de idade. Reforço – 6 a 12 meses depois.','poliomielite-oral','');

INSERT INTO vacinas(id,nome,dose,dose_qtd,via_administracao,descricao,slug,image) VALUES (29,'Influenza Sazonal','Dose anual','','','As vacinas influenza trivalentes, que começarão a ser utilizadas no Brasil a partir de fevereiro de 2014 deverão conter, obrigatoriamente, três tipos de cepas de vírus em combinação: um vírus similar ao vírus influenza A/California/7/2009 (H1N1)pdm09, um vírus similar ao vírus influenza A/Texas/50/2012 (H3N2) e um vírus similar ao vírus influenza B/Massachusetts/2/2012.','influenza-sazonal','');

INSERT INTO vacinas(id,nome,dose,dose_qtd,via_administracao,descricao,slug,image) VALUES (3,'Dupla Adulto (dT)','Após completar esquema de 3 doses: fazer reforço a cada 10 anos','','','As chamadas vacinas duplas contêm os toxoides diftérico e tetânico, de aplicação intramuscular, sendo apresentada nas formas infantil (DT) e adulta (dT).A forma infantil (DT) é constituída de 30 UI de toxoide diftérico e dez a 20 UI do toxoide tetânico.A vacina do tipo adulto (dT) compõe-se de dois a quatro UI de toxoide diftérico e dez a 20 UI de toxoide tetânico. Salienta-se que a vacina dupla infantil (DT) contém a mesma quantidade de toxoides tetânico e diftérico que a vacina tríplice (DTP). Já a dupla tipo adulto (dT) contém menor quantidade de toxoide diftérico.','dupla-adulto-dt','');

INSERT INTO vacinas(id,nome,dose,dose_qtd,via_administracao,descricao,slug,image) VALUES (2,'Febre Amarela','Dose a cada 10 anos','0.5 ml','SC','É vacina altamente imunogênica (confere imunidade em 95 a 99% dos vacinados), bem tolerada e raramente associada com eventos adversos graves.
Composição

A vacina contra a febre amarela é constituída de vírus vivos atenuados, derivados da linhagem 17D, cultivados em ovos embrionados de galinha.

No Brasil, utiliza-se a vacina produzida na Fundação Oswaldo Cruz – Bio Manguinhos, que contém, além da linhagem vacinal atenuada, sacarose e glutamato como estabilizadores.','febre-amarela','');

INSERT INTO vacinas(id,nome,dose,dose_qtd,via_administracao,descricao,slug,image) VALUES (22,'Hepatite B','até 3 doses','0.5 ml','IM','Composição

Contém o antígeno de superfície do vírus da hepatite B (HBsAG) purificado, modernamente obtido por engenharia genética, tendo o hidróxido de alumínio como adjuvante e timerosal como preservativo.','hepatite','');

INSERT INTO vacinas(id,nome,dose,dose_qtd,via_administracao,descricao,slug,image) VALUES (30,'Meningocócica C','2 doses + reforço','0.5 ml','IM','Vacina Meningicócica C Conjugada: duas doses, o mais precocemente possível a partir de 2 meses de idade, com intervalo de 2 meses entre as doses e um reforço entre 15 e 18 meses. Se infelizmente a criança não pode ser vacinada no primeiro ano de vida, é indicada apenas uma dose, depois de completado um ano de vida. Um segundo reforço está recomendado aos 10/11 anos de idade, preferencialmente com a vacina meningocócica conjugada ACWY. Caberá ao médico, ainda, avaliar dose adicional 5 anos após a última dose, em situações de risco, principalmente para crianças vacinadas no primeiro ano de vida;Vacina Meningocócica conjugada ACWY: Dose única aos 5 e 11 anos. Para adolescentes: duas doses com intervalo de 5 anos. Para adultos: dose única. Outras doses de reforço poderão ser recomendadas a critério médico, a partir da análise de risco (epidemias, surtos etc.);','meningococica-c','');

INSERT INTO vacinas(id,nome,dose,dose_qtd,via_administracao,descricao,slug,image) VALUES (31,'Pneumocócica 10','3 doses + reforço','0.5 ml','IM','Constituição: polissacárides de 23 sorotipos de pneumococos- 1,2, 3, 4, 5, 6B, 7F , 8, 9N, 9V, 10A, 11A, 12F , 14, 15B, 17F , 18C , 19F , 19A, 20, 22F , 23F , 33F .
•  Época de administração: a partir dos dois anos de idade.
•  Via de aplicação: intramuscular, utilizando-se o músculo deltóide.
•  Esquema vacinal: dose única. A revacinação não é rotina, entretanto existem exceções conforme demonstrado no quadro','pneumococica-10','');

INSERT INTO vacinas(id,nome,dose,dose_qtd,via_administracao,descricao,slug,image) VALUES (28,'Vacina Inativada contra a Poliomielite (VIP)','2 doses','0.5 ml','IM','Vírus vivos atenuados (Poliovírus tipo 1, tipo2 e tipo3)
COMPOSIÇÃO E APRESENTAÇÃO
Contém por dose:
Pólio vírus 1 – 1.000.000 DICT 50
Pólioi virus 2 _ 100.000 DICT 50
Pólio vírus 3 _ 600.000 DICT 50

VIA DE ADMINISTRAÇÃO
ORAL 2 gotas =1 dose','vacina-inativada-contra-a-poliomielite-vip','');

INSERT INTO vacinas(id,nome,dose,dose_qtd,via_administracao,descricao,slug,image) VALUES (21,'Vacina Oral contra Poliomielite (VOP)','3 doses','02 gotas','Oral','0','vacina-oral-contra-poliomielite-vop','');

INSERT INTO vacinas(id,nome,dose,dose_qtd,via_administracao,descricao,slug,image) VALUES (32,'Tríplice Bacteriana (DTP)','1º Reforço','0.5 ml','IM','A vacina tríplice bacteriana (DTP) é obrigatória e contém toxoide diftérico, toxoide tetânico e Bordetella pertussis inativada em suspensão, tendo como adjuvante hidróxido ou fosfato de alumínio, sendo apresentada sob a forma liquida em ampola ou frasco ampola com dose única, ou frasco-ampola com múltiplas doses. Há a versão acelular da tríplice bacteriana, a DTPa (vacina para difteria, tétano e pertussis acelular), disponível apenas na rede privada.','triplice-bacteriana-DTP','');

INSERT INTO vacinas(id,nome,dose,dose_qtd,via_administracao,descricao,slug,image) VALUES (33,'Tríplice Viral (SCR)','1ª(12 meses),2 doses(10-19), 1 dose(ate 49)','0.5 ml','SC','ComposiçãoEntre as diversas vacinas tríplices virais, três são as combinações examinadas a seguir:I-Vacina liofilizada com os seguintes componentes:

·    	Vírus atenuado do sarampo, cepa Schwarz, cultivado em ovos embrionados de galinha, com, pelo menos 1.000 TCID 50 por dose.

·    	Vírus atenuado da caxumba, cepa Urabe AM9, cultivado em ovos embrionados de galinha com, no mínimo 5.000 TCID50 por dose.

·    	Vírus atenuado da rubéola, cepa Wistar RA 27/3, cultivado em células diplóides humanas, com o mínimo de 1.000 TCID 50 por dose.

·    	A vacina contém ainda traços de neomicina e kanamicina, além de gelatina hidrolisada com estabilizador e vermelho fenol.
II–Vacina liofilizada contendo:

·    	Vírus atenuado do sarampo, cepa Moraten, cultivado em células de embrião de galinha, na dose mínima de 1.000 TCID50.

·    	Vírus atenuado da caxumba, cepa Jeryl Lynn, também cultivado de embrião de galinha na dose mínima de 5.000 TCID50.

·    	Vírus atenuado da rubéola, cepa Wistar RA 27/3 com, pelo menos, 1.000 TCID50.

A vacina contém ainda gelatina hidrolisada e sorbitol como estabilizadores e neomicina.','triplice-viral-scr','');

INSERT INTO vacinas(id,nome,dose,dose_qtd,via_administracao,descricao,slug,image) VALUES (35,'Vacina Pentavalente','3 doses','0.5 ml','IM','A vacina Pentavalente é uma vacina combinada do tipo injetável. Ela é uma união da vacina Tetravalente com a vacina Hepatite B, ou seja, a partir de agora ao invés de duas aplicações será necessário apenas uma injeção para que se imunize a criança contra as cinco doenças cobertas pela vacina.','vacina-pentavalente','');
INSERT INTO vacinas(id,nome,dose,dose_qtd,via_administracao,descricao,slug,image) VALUES (34,'Vacina Oral Rotavírus Humano (VORH)','2 doses','1.5 ml','Oral','Composição

É uma vacina oral, atenuada, monovalente (G1P1A[8]), cepa RIX4414 (Rotarix®, GlaxoSmithKline Biologicals). Cada dose da vacina oral contra rotavírus contém:

	Frasco com pó liofilizado:

	- no mínimo 106,0 CCID50 da cepa vacinal

	- sacarose 9mg, dextrana 18 mg, sorbitol 13,5 mg, aminoácidos 9 mg e meio Eagle modificado por Dulbecco (DMEM) 3,7mg

	Aplicador com diluente:

	- carbonato de cálcio 80 mg, goma de xantana 3,5mg, água para injeção 1,3 ml

Após a reconstituição cada dose corresponde a 1 ml.','vacina-oral-rotavirus-humano-vorh','');

